Id_Tarifs,Object_id,Description,Tarif Montant,Tarif libellé,,Mini
3ad2452b,83237123,à partir de 2 nuits,170,chambre double/bungalow/nuit,,
0e12d7f7,83237123,à partir de 2 nuits,1020,chambre double/bungalow/semaine,,
43e06f3d,558a72e5,,35,pers./nuit,,
9c89e1db,1076a83d,,27,pers./nuit,,
8c774d86,496a765b,,390,semaine,,
,,,,,,
,,,,,,
82799188,recGtfya4sOtjkELr,,5,,,
,,,,,,
179bce10,recvBb0nTg5vjAZfJ,,8,repas,,À partir de
f28c88ba,recNdYUMBvLOiGjBx,à partir de 2 nuits,175,nuit,,À partir de
"4d1a49a4,recET3fUKEiA1NBPx,Carte postale,""0,75"",repas,,À partir de"
f5ca46b7,recCqLoT1f1PRg809,,42,nuit,,À partir de
41c32123,rec5VZhd6zBZNeCk5,,55,chambre double avec petit déjeuner/pers./repas,,
683ef605,rec5VZhd6zBZNeCk5,,50,chambre double avec petit déjeuner/pers./repas/dortoir,,
4f63e8da,rec5VZhd6zBZNeCk5,,45,repas/dortoir/enfant,,
bbe95593,rec5VZhd6zBZNeCk5,,30,repas/dortoir/enfant,,À partir de
8c60f576,3d9a73ff,à partir de 2 nuits,55,pers./nuit,,À partir de
86ce4f88,recuTyBQOgIlWc2zY,,70,chambre double avec petit déjeuner,,À partir de
0ddc4548,recOcuxtjmr1W3lPa,Enfants,15,repas,,
1eb61818,recOcuxtjmr1W3lPa,Minimum 6 personnes,29,repas,,
fcae823e,reccMrDJTa1lyK06z,,500,semaine,,
fa4d5eba,reccMrDJTa1lyK06z,à partir de 2 nuits,300,week,,
1f1453a5,recxNoi9kbaEno5Up,,135,chambre double avec petit déjeuner/nuit,,
0fed1234,rec32hF9oHx4POksO,,50,chambre simple,,
41758127,rec32hF9oHx4POksO,,50,chambre double,,
386f0c7d,rec32hF9oHx4POksO,Repas,25,pers.,,
b437ad0f,reczq9MjKzK8unDnR,,85,chambre double avec petit déjeuner,,
9d656eb3,recZx01uZHg0R4TGL,Au delà de 4 personnes,5,pers./nuit,,
b421c50c,recZx01uZHg0R4TGL,4 pers plus 20€ linge de maison,120,nuit,,À partir de
33571828,recZx01uZHg0R4TGL,4 pers plus 20€ linge de maison,450,semaine,,À partir de
7fa68df4,recZx01uZHg0R4TGL,4 pers plus 20€ linge de maison,200,week-end,,À partir de
fbb9a9ee,recF7jALDXSn1wIxA,Au delà de 4 personnes,5,pers./nuit,,
f72cc479,recF7jALDXSn1wIxA,4 pers plus 20€ linge de maison,450,semaine,,À partir de
d01ae9bc,recF7jALDXSn1wIxA,4 pers plus 20€ linge de maison,200,week-end,,À partir de
d338118f,recF7jALDXSn1wIxA,4 pers plus 20€ linge de maison,120,nuit,,À partir de
f00eaeca,recV3FbnKoB841Pz0,à partir de 2 nuits,35,pers./nuit,,
add91c96,recQj57Xv9jXL2umf,à partir de 2 nuits,35,pers./nuit,,
1845922f,rec3Z4Wn2JbHxb2lU,,85,chambre double/nuit,,
cc2f4784,recMNd8ISYzDXc7iM,à partir de 2 nuits,120,nuit,,À partir de
49c9ad91,recCSnhcZo4XxocjX,,55,pers.,,
a7451634,recuzXY9up4hotU42,,1,pers.,,À partir de
a70a6aec,recvzvSRCc069iAhQ,,4,produit,,
5a414a6a,f28b7b1d,à partir de 2 nuits,85,bungalow/nuit,,
dcea6563,c7287dda,à partir de 2 nuits,125,studio/nuit,,À partir de
2aa20785,recOk422JMgj9tU8L,,80,studio/nuit,,
,,,,,,
c5d0fdc4,c1836d5d,à partir de 2 nuits,140,nuit,,
,,,,,,
b59f595c,0901db49,par nuit,35,pers.,,
aaba456a,reckOZ7OU50TrRb1v,,40,pers./nuit,,
a1e986c5,b9c7c5bf-f519-4d73-aad8-bb19cd0230bd,,4,produit,,
77796213,recMOIuUm6lKV3zN1,,80,chambre double/nuit,,
6b1106dc,recmdf4qFuVVyaFav,,25,pers./nuit,,
3ee522e6,recxQP6ZkcgLG5r3S,,20,pers./nuit,,
69e0086d,rec6dejyDi7Joy3vA,,55,pers.,,
cc0e5edf,af78e6d7,Apéritif/Entrée/plat/dessert,30,repas/pers.,,À partir de
3e192c5a,reccHIVp7euYxlSGu,,80,chambre double avec petit déjeuner/nuit,,
3198b8fd,0cfcf8dd,,140,chambre double avec petit déjeuner/nuit,,À partir de
1f7392c3,ccd1add0,Apéritif/Entrée/plat/dessert,35,repas/pers.,,À partir de
aaa4661f,recD5BtUZul1AMUmq,,80,nuit,,
a5eb42d1,recDHjG1lQVPlasLV,,55,nuit,,
84e99ac5,recIzjbG6ZkQo1moe,,90,chambre double/nuit,,
612a909c,63d77262,à partir de 2 nuits,59,studio/nuit,,À partir de
295252a5,recLwYJ5mSKfz2cY4,à partir de 2 nuits,195,nuit,,À partir de
9a5a1b06,rec24oq9hEWo7CiRW,à partir de 2 nuits,89,nuit,,
afd42df4,recrXpfhr4ww18lTF,par nuit,75,chambre double,,
8c5a778c,recUOCYFvmBoqRPQ9,Pour 6 personnes,500,semaine,,À partir de
f63a13bd,recII1qWVn9AJ4BeR,,230,semaine,,
9f65124c,113a206c,par nuit,70,chambre double,,
,,,,,,
1b9fdfb0,595f03c0,,700,semaine,,
f2448882,rec2GKrBMZznC55dv,,35,pers.,,
76e761d1,recUOCYFvmBoqRPQ9,Pour 14 personnes,700,semaine,,À partir de
0e602b50,recUOCYFvmBoqRPQ9,Pour 14 personnes,400,week-end,,À partir de
a1cb58a4,recUOCYFvmBoqRPQ9,Pour 6 personnes,250,week-end,,À partir de
"69fc18a1,recjVuOypOyayuqqy,Visite libre,""5,5"",pers.,,"
"7de76199,recjVuOypOyayuqqy,Visite guidée,""8,5"",pers.,,"
49a44e64,46b2c40c,Pour 6 personnes,250,nuit,,À partir de
"ccdbe4e3,recjVuOypOyayuqqy,,""4,5"",enfant,,"
665d1edb,883cb1c2,,12,repas,,
38b6819a,recyyAOrP5ABYe0Qk,Repas,20,,,
56a7a6dd,d5c7c61d,,55,pers.,,
4a66e29f,5c37ae83,,60,nuit,,
d667e633,d9f1c7dd,,110,chambre double,,
06cedd9e,recR8jq4A80w31rvT,,,,,
0fa4efe0,2ed9f530,à partir de 4 nuits,60,nuit,,
8bc19fd8,rec2SnUyGZpnGj7AB,par nuit,150,bungalow,,
06e473a9,2740c3db,par nuit,84,chambre double avec petit déjeuner,,
62254b0b,bf08aa73,à partir de 2 nuits,400,bungalow/semaine,,
a98962b4,6da7bb3a,Pour 6 personnes,546,semaine,,À partir de
984b20aa,03541d5a,,39,produit/pers.,,
52a6b877,recijAQ80kP0c42bK,,,,,
5bf7dcf6,6e009b41,,29,produit,,À partir de
60ccba73,8acd55dc,,30,pers./nuit,,À partir de
410c4163,302f8ece,pour 10 personnes,550,week-end,,À partir de
b96d1b55,06CCA673EC,Visite guidée,3,pers.,,
7af02af5,443fd2ae,pour 8 personnes,250,nuit,,
a1af35ea,4b149ed5,,12,produit/pers.,,
fa5f4936,ceb8cd51,,30,produit/pers.,,
b9140af4,a4fe2628,4 personnes,150,bungalow,,
8f52d8e9,recBHofXS36EJHBsE,à partir de 5 nuits,45,nuit,,
36c532cc,recs82ArpkH5fQU1c,,90,chambre double/nuit,,
924e784f,reciRau4N0LIOVTld,stage,180,,,À partir de
b6be5901,ad15bd02,,980,semaine,,
d8899cf6,1b807167,Pour 6 personnes,18,,,
27fd600a,01ebf129,demi-journée,49,produit,,À partir de
7ecca7cd,recXXhBx8iC8nShoV,,65,chambre double avec petit déjeuner,,
b6d9e977,b74aa3f4,basse saison,200,bungalow/nuit,,
955d1a2b,recjlkTcYHia3cCFI,,28,pers.,,
86efaa6f,330969dc,,840,week-end,,
b906370f,02d1cc38,,60,chambre double avec petit déjeuner,,
245d8400,69f746b8,,20,repas/produit,,
11e2e0c6,recsuYv0MT8JWatmt,,65,pers.,,À partir de
bcb7cc55,recaPQdy6VVmodk5M,,18,pers.,,À partir de
a7b72292,recFdQEKlRXOW6IiR,,,,,
2f3b9df0,recEt9TvXlcLiFND3,,7,,,À partir de
d859f4e7,rec2BIu67CJ4cBooH,,6,,,À partir de
b728972d,rec4A2lhrwooZI0L8,,5,,,
6fc6fc9e,recqBcYJ6lKQoE6Q1,,,,,
88fa5884,recBETKNEHdD0q8d5,,20,pers.,,
9524d471,recMgWQrTWMVok83m,,50,pers.,,À partir de
6c489472,recSjqfh5cXc6yUFr,Adulte et enfant,20,nuit,,
82b30adc,reczymm7ROmf2vP4K,,57,,,À partir de
70b4ae5b,4c781fa8,,60,pers.,,
44f30527,rec9UKLC1tbTq5AxG,,,,,
01e0fc17,a7ac4b90,par nuit,45,pers./nuit,,À partir de
05f1fac8,recVMxK2n2g0JqxYW,,35,chambre double/pers./nuit,,
54f14336,recVMxK2n2g0JqxYW,,40,chambre double avec petit déjeuner/pers./nuit,,
5449aca2,rec5Xr38CzqCc6d1f,par nuit,35,pers.,,
3d66e0de,rec5Xr38CzqCc6d1f,Repas,20,,,À partir de
"92e303db,recxXRG93JqXCrVZr,,""6,5"",repas/pers.,,À partir de"
ab6fac2e,recITvrU1rCT4eguQ,,7,,,À partir de
"8a59334c,reca5pLJzSFX1LfB0,,""2,5"",,,À partir de"
5f698947,recyNTh7vGAYgzmHO,,35,pers.,,
14f28459,recUJhNJJKosGUk1J,enfant jusqu'à 10 ans,15,nuit,,À partir de
,,,,,,
,,,,,,
ab305c28,90a3622d,,10,,,À partir de
47ff4428,759d38b7,8 personnes,37,bungalow/nuit,,À partir de
8b9b83bb,759d38b7,4 personnes,28,bungalow/nuit,,À partir de
8c1f5be1,b76340fd,,120,nuit,,À partir de
374bc049,d05d63f5,,40,pers.,,
9035ccf3,recm2AoRWbJBnq4SK,par nuit,156,,,À partir de
2a21747f,recM9zD9bItWPAN6l,à partir de 2 nuits,150,chambre double,,À partir de
05d28f56,recYmMvc9ZyLrLrZ6,par nuit,18,,,À partir de
b1d2829d,6063b8b1,,600,semaine,,
a5d1137e,rec153kqdkp8MR6eW,,10,,,À partir de
16fd587a,ebb42bed,,650,week-end,,
89d446eb,0615faa3,,79,nuit,,À partir de
ec3fe688,eb2505c0,,50,pers./nuit,,À partir de
0babcae1,7949ab8c,petit-déjeuner,50,pers./nuit,,À partir de
0f497daa,6a249061,,45,nuit,,
,,,,,,
9ba99f30,71ec2925,,90,,,À partir de
fda27e02,0CEB5E626E,,,,,
5934e00d,d730c38c,Maximum 6 personnes,270,week-end,,
31d6f634,recdYDKpysnem09GC,,95,nuit,,
87a30ea7,rec4Sp1Kc7fr9A3H4,,32,repas,,À partir de
eacfca3b,d9f1c7dd,,30,,,À partir de
3ce072e1,rec8MEwXzZOyroHld,à partir de 2 nuits,75,chambre double avec petit déjeuner/nuit,,
5d2bd5a0,rec8MEwXzZOyroHld,à partir de 2 nuits,70,chambre simple avec petit-déjeuner/nuit,,
99e5b104,rec8V96z3M3TU00Ae,à partir de 2 nuits,58,chambre double,,À partir de
4593ce11,rec8V96z3M3TU00Ae,Repas,19,,,À partir de
24b755ab,9239e8d7,,91,chambre double/nuit,,
"4495e0fe,rec7PV8VcVqwUZH52,de 5 à 11 ans,""3,5"",enfant,,"
"2e4d6a5f,rec7PV8VcVqwUZH52,Adulte,""5,5"",pers.,,"
f0a88c2d,recZYCbaJbEYDPyJv,/semaine pour 2 personnes,340,,,À partir de
555c1fb7,recZYCbaJbEYDPyJv,/semaine pour 4 personnes,600,,,À partir de
18f7d58f,recZYCbaJbEYDPyJv,par nuit,115,,,À partir de
12741d3c,recZYCbaJbEYDPyJv,/nuit pour 2 personnes,60,,,À partir de
c28c2634,a7e5176b,,1400,semaine,,À partir de
cc73ec92,4f324b40,à partir de 5 nuits,95,bungalow/nuit,,À partir de
ffcdc74a,95b72d6a,,800,semaine,,
9ec631cd,95b72d6a,,500,week-end,,
6d66ee22,595f03c0,,350,week-end,,
d18ad88d,90d57727,,90,chambre double/nuit,,
8bf96c0b,ca79be2b,pour 10 personnes,600,week-end,,
01d9fcc7,0fcf57e0,à partir de 3 nuits pour 4 personnes,140,nuit,,À partir de
f9619a18,02f9f539,à partir de 3 nuits pour 4 personnes,140,bungalow/nuit,,À partir de
dd771a6f,754604a0,par nuit,85,bungalow,,À partir de
df31f4b4,0dc15fb6,,5,article,,
467ccfc1,recnrwOK2ZcOdiQDq,Repas,32,pers.,,À partir de
78021a47,e394dc72,par nuit,105,chambre double avec petit déjeuner,,
e0fff956,recsMK9lTsyDsnNal,par nuit,25,pers.,,
7c75f72c,rectgw5U8BugwUIyW,à partir de 7 nuits,65,bungalow/nuit,,
6c8efc76,rec2VkaNFgTUZQarj,à partir de 7 nuits,48,bungalow/nuit,,
acec8d12,recSXg93snF86tra4,,6,repas/article/produit,,
,,,,,,
da182f94,9d4ae3ec,,85,pers.,,
23b81b6e,recBwIkZXrkiVim1Q,,9,repas,,À partir de
"259d1edc,recQLIS5lMhCC9Bjz,Le café,""1,7"",article,,"
5503a8a8,recmBT3F3xQsKoKUc,Maximum 6 personnes,199,,,À partir de
e619951d,recUu7UCrEm9QqdId,,16,,,À partir de
2126582d,ceb8cd52,Adulte,35,pers.,,
a502e9c7,recPl1VWjwSujgCer,,90,pers.,,À partir de
d4c58699,recygdEueaTEjr8Nu,,60,pers.,,
4b2d18a9,recR9kjiaOAoduSpN,,80,chambre double avec petit déjeuner,,
475f06c6,recR9kjiaOAoduSpN,Maximum 6 personnes,90,chambre familiale avec petit-déjeuner,,À partir de
8a6ffe02,1402749d,par nuit,60,studio,,
58baf055,1402749d,à partir de 2 nuits,50,studio,,
66d79859,reciW2UlshxpoToFm,,45,,,À partir de
2b8a40d9,recwJL4wMZc8BUN4B,,7,,,À partir de
cb787f8e,recwhRDfmwSLBFmGp,,50,,,À partir de
3347a283,rechmcunWsnk7RIUK,,5,pers.,,À partir de
76924f2c,recm363jik6qQvAIJ,,115,pers./nuit,,À partir de
50844c4e,recAUYluxAfp1ft4c,,60,,,À partir de
392a45cf,recfcEj0VScC9avif,/semaine pour 2 personnes,350,semaine,,À partir de
43995cbb,recfcEj0VScC9avif,à partir de 2 nuits,75,chambre double/nuit,,À partir de
60f5acfd,recEqFurEd2CSBjqg,à partir de 2 nuits,55,chambre double/nuit,,À partir de
183c6e97,recEqFurEd2CSBjqg,,235,chambre double/semaine,,À partir de
ba3724fa,recHEZWTMQ8a9lBp5,,60,pers./nuit,,
5cdfe9b6,3a3f3d60,,140,chambre double/nuit,,À partir de
"bd926df4,recMMMvP8mGoaRGgO,la minute,""0,27"",,,À partir de"
58552bd7,recpWLGMBuY5J6L6j,/semaine pour 2 personnes,250,semaine,,À partir de
a553e3e6,recsH7mY4eboRjWUR,,5,,,À partir de
da2248f0,recqN19d2eJTgPzZy,,50,pers.,,
d7a30805,recqN19d2eJTgPzZy,,35,enfant,,
f2fe0743,recqN19d2eJTgPzZy,à partir de 5 personnes,45,pers.,,
3184a444,4a530b6e,,370,bungalow/week-end,,À partir de
cc2e0ee6,4a530b6e,,650,bungalow/semaine,,
1e7e42a7,92c88920,,125,bungalow/week-end/nuit,,À partir de
914e1b2e,92c88920,,90,bungalow/semaine/nuit,,À partir de
45da3b9e,53c685de,,90,bungalow/semaine/nuit,,À partir de
a7d2b347,53c685de,,125,bungalow/week-end/nuit,,À partir de
5e74c9fe,e270df62,4 personnes,800,semaine,,
b6d439ca,05E89ADE3E,,200,bungalow/nuit,,
5a710283,recK7OqJ0GoZM2zxL,visite libre,7,pers.,,
"db28f034,recK7OqJ0GoZM2zxL,Enfants,""6,5"",enfant,,"
66a6bf7b,recK7OqJ0GoZM2zxL,visite guidée,10,pers.,,
38cb6c56,b7f612c9,,85,nuit,,
f8949539,recB2JTuDBL25FrkJ,,110,,,À partir de
d982a8a7,recSWQkXd82Rx7EWA,,55,pers.,,À partir de
097589d4,recGIk7nWQkpYIgSf,maximum 10 personnes,65,nuit,,À partir de
023d8ebc,recAz79tqNPNUQNYF,,10,enfant,,À partir de
a0280969,recAz79tqNPNUQNYF,,20,pers.,,À partir de
ae07bf86,rec3bDNQbcQSRGepN,de 2 à 12 ans,35,enfant,,À partir de
b4db54ed,rec3bDNQbcQSRGepN,à partir de 13 ans,55,pers.,,À partir de
7799baf0,986ea8dd,,90,nuit,,
8271ee66,7f9e5843,Maximum 6 personnes,20,pers.,,À partir de
bb356176,7f9e5843,,60,pers.,,À partir de
fb8b4618,5D60AA1162,de 8 à 11 ans,4,enfant,,À partir de
040328cf,5D60AA1162,Adulte,6,pers.,,À partir de
5dc9f79f,recyyAOrP4ABYe0Qk,par nuit,65,chambre double,,
c40626b9,recyyAOrP4ABYe0Qk,Repas,25,,,À partir de
826d2ad7,rec5iakVAF0iIewJ4,,1190,semaine,,À partir de
e60adcb7,rec5iakVAF0iIewJ4,,595,week-end,,À partir de
5519c31f,3eedd265,par nuit,180,chambre double avec petit déjeuner,,À partir de
c3ebf57b,35985348,,8,pers.,,
2de8078c,a59d0ac7,,12,,,
1c3ade97,57a90f0e,,23,chambre simple avec petit-déjeuner,,À partir de
52ea53f0,57a90f0e,,47,chambre double avec petit déjeuner,,À partir de
5398d677,57a90f0e,/nuit pour 2 personnes,67,chambre familiale avec petit-déjeuner,,
a32b87b8,135b099f,à partir de 2 nuits,120,bungalow/nuit,,À partir de
3f6dbb6d,rec5yC36m9peYuToo,,7,,,À partir de
81f5c257,4ab919e9,,690,week-end,,À partir de
f783033a,252be0b4,par nuit,80,bungalow,,À partir de
1345325c,d8d19440,par nuit,280,bungalow,,À partir de
ca3b96ba,f97d103d,à partir de 2 nuits,650,week,,À partir de
440cd559,f97d103d,à partir de 2 nuits,500,bungalow/semaine,,À partir de
ad252c63,recH4XTVM41h84nua,,75,nuit,,
932700d7,aa1c6110,,735,bungalow/week-end,,À partir de
028c5afb,d20caf12,,2,produit,,
08b68fb3,recUIgVhbOSmVZOpH,,520,bungalow/semaine,,À partir de
3760ec8f,recUIgVhbOSmVZOpH,,80,bungalow/nuit,,À partir de
9d7833c1,302f8ece,pour 10 personnes,1400,semaine,,À partir de
58a60e1c,302f8ece,à partir de 2 nuits pour 2 personnes,200,bungalow/week-end,,À partir de
b24c9dc5,recZUGINnXHGGNbNs,,5,produit,,À partir de
f69d5076,1a1a4e3a,Pour 6 personnes,400,week-end,,À partir de
7e793f6b,1a1a4e3a,,195,bungalow/nuit,,À partir de
df9c6219,recxY4pUkZnofQw1g,,8,produit,,
c9963ce1,faf05ed1,,1,produit,,À partir de
ce9daf61,6952bda4,,90,nuit,,
f3b67adc,e46e5463,,75,chambre double,,
c47a7447,76821c69,à partir de 7 nuits,30,bungalow/nuit,,À partir de
d193ae8f,f9dfc45a,à partir de 7 nuits,40,bungalow/nuit,,À partir de
,,,,,,
e209dadb,89572a7e,A partir de 3 nuits minimum,400,bungalow/semaine,,À partir de
1e70905f,89572a7e,à partir de 2 nuits,350,bungalow/week-end,,À partir de
31b3e822,recasu4xsNx1F8mkD,,5,produit,,
b4092fd0,221b69ff,/nuit pour 2 personnes,45,bungalow,,À partir de
d51361ef,71f48e35,,4,produit,,À partir de
ba19cc15,533cff3f,à partir de 2 nuits,70,pers.,,
6837b2d6,2b861bd2,à partir de 2 nuits,250,bungalow/nuit,,À partir de
82545dcd,recQd1WP7LlNdLABE,4 personnes,90,nuit,,
1e800a28,recQd1WP7LlNdLABE,/semaine pour 2 personnes,280,semaine,,
456d77fc,recQd1WP7LlNdLABE,/nuit pour 2 personnes,60,nuit,,À partir de
d4bc4b05,recQd1WP7LlNdLABE,4 personnes,380,bungalow/nuit,,
cdc1a223,3e9ccb68,à partir de 3 nuits pour 4 personnes,86,bungalow/nuit,,À partir de
2f2a5ea3,3e9ccb68,/semaine pour 2 personnes,382,bungalow/semaine,,À partir de
b42bd12a,3e9ccb68,A partir de 3 nuits minimum,70,chambre double/nuit,,À partir de
3969f9cf,e46e5463,4 personnes,100,chambre familiale avec petit-déjeuner,,À partir de
,,,,,,
8cfd3b9e,recQnhaVWed2cOYUi,,75,,,
"40dce782,e50537ff,à emporter,""7,8"",repas,,À partir de"
13f2e4d7,96b0af71,par nuit,99,chambre double avec petit déjeuner,,
53bb409a,96b0af71,Apéritif/Entrée/plat/dessert,35,pers.,,
77a9eda7,db67a035,,8,,,À partir de
d481693b,recahr7MiYZML3KgU,,48,chambre double/nuit,,À partir de
"b212a05c,recahr7MiYZML3KgU,par nuit,""69,5"",chambre familiale,,À partir de"
29d10e35,rec9U1L9JFSF6w2UT,,300,semaine,,À partir de
62a0c6af,rec9U1L9JFSF6w2UT,,150,week-end,,À partir de
7790ab53,recHUZ07cENhdZKpX,,5,produit,,
fa7aa562,recsiobm7nPsxCU8B,/nuit pour 2 personnes,89,chambre double avec petit déjeuner/semaine/nuit,,À partir de
a0ec8459,recsiobm7nPsxCU8B,/nuit pour 2 personnes,99,chambre double avec petit déjeuner/week-end/nuit,,À partir de
ad2294dd,recEBk4LA7NmOo6cL,/nuit pour 2 personnes,119,chambre double avec petit déjeuner/week-end/nuit,,À partir de
6edf2d69,recEBk4LA7NmOo6cL,/nuit pour 2 personnes,109,chambre double avec petit déjeuner/semaine/nuit,,À partir de
0fe543df,recXQr75TtnS6XXik,/nuit pour 4 personnes,145,bungalow/semaine/nuit,,À partir de
42293ca8,recXQr75TtnS6XXik,/nuit pour 2 personnes,125,chambre double/week-end/nuit,,À partir de
07a1cf68,recXQr75TtnS6XXik,/nuit pour 2 personnes,115,chambre double/semaine/nuit,,À partir de
f371c68f,recXQr75TtnS6XXik,/nuit pour 4 personnes,155,bungalow/week-end/nuit,,À partir de
b9c52282,373a8c27,,8,,,À partir de
3dfdd1fd,recCpFmi9ztG9pA4Q,,12,,,À partir de
80cddb43,recTR4EZHOjvNt0tr,à partir de 3 nuits pour 3 personnes,75,nuit/chambre familiale avec petit-déjeuner,,À partir de
3412419f,recTR4EZHOjvNt0tr,3 personnes,80,nuit/chambre familiale avec petit-déjeuner,,À partir de
6aac7485,recTR4EZHOjvNt0tr,,65,chambre double avec petit déjeuner/nuit,,À partir de
1fd5f662,recTR4EZHOjvNt0tr,à partir de 3 nuits,60,chambre double avec petit déjeuner/nuit,,À partir de
86910f74,93921678,/nuit pour 2 personnes,80,bungalow,,À partir de
1d7e3d6e,93921678,/nuit pour 4 personnes,120,bungalow,,À partir de
c3ddf331,93921678,/nuit pour 2 personnes,75,studio,,À partir de
2e33c565,recu2lcOsEa6JR1X9,,700,week-end,,À partir de
2263952b,rec6JNIwdrCJBAFrN,à partir de 2 nuits,125,chambre double/nuit,,À partir de
d1e8541b,rec6JNIwdrCJBAFrN,à partir de 2 nuits,225,bungalow/nuit,,À partir de
5d3e3061,dcdc2945,à partir de 3 nuits pour 4 personnes,89,bungalow/nuit,,À partir de
"d289c08a,fe7f6bb2,la minute,""0,8"",,,À partir de"
6d7df759,ea42ebb4,,950,semaine,,À partir de
60a8ff3b,recbqR9yn4YRURgzC,,9,article,,
d24b099d,65396ef9,4 personnes,100,bungalow,,
680444ea,65396ef9,par nuit,60,chambre double,,
49389cd2,recieRtH5ulY1vw33,,15,produit,,
3010593a,recPVX5imIkKti6DB,,6,produit,,
053e6a16,recnjutP2i5dK4m2t,,6,produit,,
4ccc1a55,recEMpzm8TU3vMA56,Repas,19,repas,,
c6339bce,recgWmAh3cvUhcnp7,,30,repas/pers.,,
114d6895,recSC9OXFUnSkDFs7,,25,produit,,
e41d6945,recW7uGt8JkBfexcV,,12,repas/pers.,,À partir de
60295452,recP65RYkZMUdYTBH,par nuit,80,chambre double avec petit déjeuner,,À partir de
e8a2a012,5EF05AAF2A,,15,produit,,
a84ebe27,recEtCXzryjmXCyG3,,17,produit,,
91923a4f,reczmo44uNT3nvZZt,menu à volonté (entrée plat),18,pers.,,À partir de
2a07ebc0,deb2bf1d,,3,article,,À partir de
9beafbb5,rec2YX38fXWVZF9CF,,12,repas/pers.,,À partir de
f73327c0,recyyAOrP4ABYe0Qk,par nuit,115,chambre familiale avec petit-déjeuner,,À partir de
6523fe61,4c57cea2,,170,chambre double/nuit,,
9b4f5abc,6e82095d,à partir de 2 nuits,85,bungalow/semaine/nuit,,À partir de
45baeff6,6e82095d,à partir de 2 nuits,125,bungalow/week-end/nuit,,À partir de
5d19330e,recN0yEGh5spNBVpa,à emporter,7,repas,,À partir de
7a95766c,recN0yEGh5spNBVpa,Repas,16,repas,,À partir de
57bbb8b0,3fb285d5,4 personnes,150,bungalow,,
9cd6c448,recyoVAha32J3VwKH,à partir de 2 nuits,85,chambre double avec petit déjeuner,,À partir de
6f5a8bd3,recyoVAha32J3VwKH,à partir de 2 nuits pour 3 personnes,105,chambre familiale avec petit-déjeuner,,À partir de
4db1f1bf,rechj4Z465inGAsGN,,50,chambre double,,À partir de
9445eef9,da52a8c9,,16,repas,,À partir de
9478fac0,91debdd2,Repas,14,,,À partir de
65e8e47c,recI8DJFuT3y2FjIh,,110,nuit,,
e72932bb,276ec6e0,à partir de 2 nuits,175,nuit,,À partir de
7105c5a7,rec5qmfxcwAOTt2xK,,250,week-end,,À partir de
d0fe75bd,rec5qmfxcwAOTt2xK,,420,semaine,,À partir de
91d624e4,c97e2026,,30,pers./semaine/nuit,,À partir de
65a3991f,c97e2026,,35,pers./week-end/nuit,,À partir de
348ee701,c97e2026,,10,nuit/enfant,,À partir de
c98c648a,recdIs0HOgiZ1A0SS,basse saison,700,bungalow/semaine,,À partir de
6f26f540,recdIs0HOgiZ1A0SS,basse saison,320,bungalow/week-end,,À partir de
5b05037c,recdIs0HOgiZ1A0SS,haute saison,840,bungalow/semaine,,À partir de
0acdee0e,recdIs0HOgiZ1A0SS,haute saison,360,bungalow/week-end,,À partir de
47ded933,113a206c,petit-déjeuner,8,,,
c3e9216f,recwIlCEX9xuH8gkn,à partir de 3 nuits,60,bungalow/nuit,,À partir de
1579e71e,recwIlCEX9xuH8gkn,à partir de 3 nuits,125,bungalow/week-end,,À partir de
3d56ddbb,99c29361,Maximum 6 personnes,100,bungalow/nuit,,À partir de
7d2705e6,recC8nvXfXAN5qwki,,7,repas,,À partir de
4cc2374b,2740c3db,Repas du soir,25,pers.,,
beb61d11,cbf4f863,demi-journée,30,produit,,À partir de
de180e10,78372796,/nuit pour 2 personnes,75,nuit,,À partir de
5fe788f7,recvlazHYiTRiE0nE,,2300,week-end,,À partir de
24cc1e1f,recvlazHYiTRiE0nE,,115,pers./week-end,,À partir de
279be1d4,recvlazHYiTRiE0nE,à partir de 2 nuits,1900,semaine/nuit,,À partir de
de84859f,rec1oPuqEslIrnIfE,,220,nuit,,À partir de
9393dac6,efc1fd94,à partir de 2 nuits,150,bungalow/nuit,,À partir de
fc0fd001,060600ca,,100,,,À partir de
d0bee10c,4bdad81d,,65,nuit,,À partir de
25ea2ec1,3b723673,,65,bungalow/nuit,,À partir de
251aaca5,e7637060,à partir de 2 nuits,70,nuit,,À partir de
3e2e7f7d,recyxKNuVVPqRhSTR,,75,chambre double avec petit déjeuner,,À partir de
dbf92b64,recyxKNuVVPqRhSTR,/nuit pour 4 personnes,130,chambre familiale avec petit-déjeuner,,À partir de
b5f00219,f71e41e7,,5,produit,,
6840a239,recUJhNJJKosGUk1J,Repas,30,pers.,,À partir de
2e5ce9d1,recfEmpLnY5H9dk0r,à partir de 3 nuits,200,studio/semaine,,À partir de
fb5b41fe,recW5SKUQWWgrDLvC,A partir de 3 nuits minimum,200,studio/semaine,,À partir de
0f050044,recW5SKUQWWgrDLvC,A partir de 3 nuits minimum,50,studio/nuit,,À partir de
ba185672,recfEmpLnY5H9dk0r,A partir de 3 nuits minimum,50,studio/nuit,,À partir de
a9b7e0fa,cbf4f863,la journée,60,pers.,,À partir de
2590f7dc,recUJhNJJKosGUk1J,,20,pers./nuit,,À partir de
aa7e4ef7,recUJhNJJKosGUk1J,petit-déjeuner,10,,,
99fe1762,d60bebd7,,,,,
56f87385,606bbfd9,à partir de 10 personnes,25,pers./nuit,,À partir de
d156f139,606bbfd9,à partir de 20 personnes,15,pers./nuit,,À partir de
6f4c924e,606bbfd9,à partir de 15 personnes,20,pers./nuit,,À partir de
110af027,a578f9ca,,14,repas,,À partir de
144d2c38,4cc1e07e,à partir de 2 nuits,145,nuit,,
8c6a3f02,55e1b535,à partir de 2 nuits,115,nuit,,À partir de
3dac8b23,c0a466e9,à partir de 4 nuits,100,chambre double,,À partir de
73b0fbc7,c0a466e9,à partir de 4 nuits,260,nuit,,À partir de
a8d5105c,72b22ee7,à partir de 7 nuits,600,semaine,,À partir de
86254ad4,387ab275,,60,repas/produit/pers.,,À partir de
a5f80279,387ab275,,40,repas/produit/enfant,,À partir de
66b27f5b,reck1OmyoDIaptBoz,,550,semaine,,À partir de
b2894337,reckXTvApyYmMG2Jd,,190,week-end/nuit,,À partir de
ad8c6135,reckXTvApyYmMG2Jd,à partir de 2 nuits,350,week-end,,À partir de
c7984c66,reckXTvApyYmMG2Jd,en semaine,110,nuit,,À partir de
d89b56db,recEhQQSPAaY4hR5H,à partir de 7 nuits,550,semaine,,À partir de
1811d363,recEhQQSPAaY4hR5H,,350,week-end,,À partir de
1bf2795f,58b8c676,,250,nuit,,À partir de
dfffde7a,ca528e1d,,250,nuit,,À partir de
3a4f52f1,4e8d0851,à partir de 2 nuits,50,nuit,,À partir de
6bd9468f,recKsK9PlCgoN4rKl,,25,pers./nuit,,
aa835543,0e1c8279,à partir de 2 nuits,100,bungalow/nuit,,À partir de
443f7120,430daa4e,par nuit,135,chambre double,,
1f594677,ff39cb07,par nuit,135,chambre double,,
d56dd8e2,1c292624,4 personnes,200,nuit,,
6b3468b9,rec1YVOft2oXH4wUP,,70,pers./nuit,,
cb4fd745,79b55a85,,5,produit,,À partir de
95ed5202,e34b6c09,,900,week-end,,
,,,,,,
751746ec,251f9919,,6,produit,,À partir de
91e7d988,b21791cd,à partir de 2 nuits,200,nuit,,À partir de
91a92884,rec5sUyLAXxYXVrm5,à partir de 5 nuits,980,semaine,,
b1f8c666,a6fd5816,,567,pers./semaine,,À partir de
686308bc,a6fd5816,,90,pers./nuit,,À partir de
eb42e918,recmlvLf4TYUjpORe,,68,bungalow/nuit,,À partir de
bea2b3f8,f8006f39,de 5 à 11 ans,15,enfant,,À partir de
f65fa890,f8006f39,,30,pers.,,À partir de
daa031a2,033f1b3a,à partir de 2 nuits,25,pers./nuit,,À partir de
8d8ba96c,a2266a5b,,39,chambre double/studio/week-end/nuit,,À partir de
598e15dc,a2266a5b,,37,chambre double/studio/semaine/nuit,,À partir de
99523dd4,e49d2a13,,41,chambre double/studio/semaine/nuit,,À partir de
0c84d0f4,e49d2a13,,43,chambre double/studio/week-end/nuit,,À partir de
6c90d91e,bf5b8eff,,43,chambre double/studio/semaine/nuit,,À partir de
b3423fd0,bf5b8eff,,45,chambre double/studio/week-end/nuit,,À partir de
"dea0a031,6a07b6d5,,""6,5"",repas,,À partir de"
99e9fea9,6a07b6d5,Dessert,4,repas,,À partir de
"c395a754,6a07b6d5,,""6,5"",repas/enfant,,À partir de"
8f95b103,recZ5vAJg2NRKxakb,visite et dégustation,10,,,À partir de
7194d23a,recZ5vAJg2NRKxakb,Visite guidée,5,,,À partir de
9bc3328c,425e2aea,,15,repas,,À partir de
5f919fe1,8e814f97,à partir de 7 nuits,400,chambre double/semaine,,À partir de
c7c8b9bf,8e814f97,à partir de 2 nuits,60,chambre double/nuit,,À partir de
ff17cd2e,8e814f97,,70,chambre double/nuit,,À partir de
fe6963c3,ae04e116,,296,nuit,,
6c5ce57c,recCqLvsDhPYApH8v,,350,semaine,,À partir de
4a419514,recCqLvsDhPYApH8v,,150,week-end,,À partir de
33f6e94e,recCqLvsDhPYApH8v,,60,nuit,,À partir de
1c75d1a1,recWQ5fsS8jBPdiwd,,150,nuit,,À partir de
793246ea,87c31917,,120,nuit,,À partir de
d6bc3afb,4df008e0,,25,produit,,À partir de
c7469ba2,b7d17801,,10,produit,,À partir de
,,,,,,
381f8098,recbRr1ijxva6gcC2,,200,nuit,,À partir de
"d21caa4b,reckN2z3ZiXgNosdi,,""7,5"",repas,,À partir de"
25869438,c9a5acce,Apéritif/Entrée/plat/dessert,38,,,À partir de
c95411e4,c9a5acce,/nuit pour 2 personnes,127,chambre double avec petit déjeuner,,À partir de
18b56e02,d50abcd6,,127,bungalow/nuit,,À partir de
f0995bf3,6fffb3bc,à partir de 2 nuits,135,nuit,,À partir de
81c7ac6e,6fffb3bc,Pour 6 personnes,680,semaine,,À partir de
192e813a,9989d8c6,à partir de 3 nuits pour 4 personnes,85,nuit,,À partir de
a58f8079,6d6b6dbd,,500,week-end,,À partir de
ee13750a,6d6b6dbd,à partir de 2 nuits,110,semaine/nuit,,À partir de
9dc83c4a,6d6b6dbd,,1000,semaine,,À partir de
28c3f196,b2002b86,par nuit,50,pers.,,
403a8561,92a08ac5,par nuit,50,pers./nuit,,
1408205d,92492d93,,500,week-end,,À partir de
e572198a,92492d93,,1000,semaine,,À partir de
eee5f390,92492d93,en semaine,200,nuit,,À partir de
fad3f998,92492d93,le week-end (vendredi et samedi),250,nuit,,À partir de
31e8681e,68ffea41,,80,nuit,,À partir de
d382f831,a24cc0db,,40,nuit,,À partir de
7b11b6be,38bc1fba,,29,article,,À partir de
0766bca8,e75de991,A partir de 3 nuits minimum,130,nuit,,À partir de
89af6df1,e75de991,A partir de 3 nuits minimum,150,nuit,,À partir de
6270f596,81c5a1ef,à partir de 2 nuits,400,nuit,,À partir de
60fa405a,rec7avEaqvA8YmUOb,à partir de 2 nuits,89,chambre double/nuit,,À partir de
5e300bd5,recxEhup5GEjfdHRJ,à partir de 2 nuits,99,bungalow/nuit,,À partir de
a6810639,7f5a5d38,,350,week-end,,À partir de
0e33f09c,3a638741,,10,,,À partir de
f75677e9,24559a4f,magnet,6,article,,À partir de
644a893e,29348652,,129,bungalow,,À partir de
11bc2f7d,recwBwWyOMkcf9oER,,100,nuit,,À partir de
7480bbe0,rec3cYtpyPGVh6TPv,,78,nuit,,À partir de
51ccc692,recSaSdUkaXGjernW,,1250,semaine,,À partir de
e805b172,recSaSdUkaXGjernW,,900,week-end,,À partir de
d92de1c8,recHasOG2NWsJMjzz,,55,nuit,,À partir de
fbfbbab0,recdol2FEBz3xzFYu,,400,week-end,,À partir de
7ad96c34,recYbHociWIhHmnT3,à partir de 2 nuits,100,nuit,,À partir de
135c0937,recjwlg1Zs5ozBSEM,,70,chambre double/nuit,,À partir de
becabfcd,recUK1QpO3MfbSSCs,,50,nuit,,À partir de
c8184d8b,9da5a187,à partir de 2 nuits,300,week-end,,À partir de
50dda688,a80daa2c,,95,chambre double/nuit,,À partir de
509b84d9,a7dc804c,,110,nuit,,À partir de
4811b297,c8c614c6,,80,nuit,,À partir de
2bf89d8c,2866c4fb,,80,nuit,,À partir de
d2d451d3,71923fd5,,70,nuit,,À partir de
bd1c6277,c6fe7cb2,,5,article,,À partir de
559a2d96,c48cf8d8,à partir de 7 nuits,290,nuit,,À partir de
8c65c4af,3619adfc,,8,produit,,À partir de
a931231a,recsx8UCnt4S1dcKn,,70,nuit,,À partir de
2f94b97a,7645983a,à partir de 3 nuits,160,nuit,,À partir de
72b80ad4,3438063AE7,à partir de 2 nuits,65,nuit,,À partir de
75bb1d6d,3438063AE7,,170,week-end,,À partir de
ea4c3cbe,f1649a3c,,9,article,,À partir de
9d1ffdd6,recQdZeT0zm9ohXqY,à partir de 2 nuits,90,nuit,,À partir de
810e811b,recQdZeT0zm9ohXqY,,195,week-end,,À partir de
,,,,,,
210fb552,c1f84e86,,25,pers.,,À partir de
2b8ab958,c1f84e86,avec matériel,30,pers.,,À partir de
,,,,,,
,,,,,,
0608802f,recL2CazKYKlnB6az,,110,nuit,,
db5b2914,recL2CazKYKlnB6az,le week-end (vendredi et samedi),250,,,
9dc990fa,recL2CazKYKlnB6az,,550,semaine,,
fffd9e38,recL2CazKYKlnB6az,mois,1500,,,
149f8d92,6198f6c2,à partir de 2 nuits,200,nuit,,À partir de
12cb8da2,6198f6c2,le week-end (vendredi et samedi),250,nuit,,À partir de
"4fa21008,69d501a7,,""7,5"",produit,,À partir de"
b5fd4f7d,37c16813,,230,nuit,,
,,,,,,
d41ef2a4,f1649a3c,,15,produit,,À partir de
55572351,reckvgwjsReKhseJi,,12,produit,,
248a1023,rec5bTILGfGPeLo90,à emporter,8,repas,,
0287c369,reccG1avgyGzG4Q3f,,80,nuit,,
52c5dd26,recL1ZsmHeU0Wqeup,,38,pers./nuit,,À partir de
,,,,,,
4e7268f6,recFDv6ASx8x1hXN8,à partir de 3 nuits,190,nuit,,À partir de
665cd7ec,59a1e210,A partir de 3 nuits minimum,262,nuit,,À partir de
56e0e391,13ecf2d9,,270,nuit,,À partir de
9a8140cc,1DBAACEE25,à partir de 2 nuits,210,chambre double/bungalow/semaine,,À partir de
e0733a41,recbAHayNmrYVipea,4 personnes,700,semaine,,
fb17462d,b0045aef,à partir de 2 nuits,150,nuit,,À partir de
4a0ba73b,c2941514,,750,bungalow/semaine,,À partir de
d3f815a1,f45e99ad,,700,bungalow/semaine,,À partir de
2aae1909,4668316d,à partir de 2 nuits,108,nuit,,À partir de
927a6865,4668316d,,360,week,,À partir de
,,,,,,
899df093,f4375377,4 personnes,260,nuit,,À partir de
8f1f3355,f4375377,par nuit en demi-pension (repas + petit déjeuner),190,bungalow,,À partir de
bd4c8d89,f4375377,par nuit en demi-pension (repas + petit déjeuner),130,chambre double avec petit déjeuner,,À partir de
dc2f8673,6e56232a,en tente équipée pour 3 personnes + demi pension,180,nuit,,À partir de
0da14c37,c8b60ca4,,450,semaine,,À partir de
9fb9aabb,c8b60ca4,,70,nuit,,À partir de
0ac35973,96b0af71,chambre supérieur/ nuit,139,chambre double avec petit déjeuner,,À partir de
186625aa,reccZJ9INTTb7Mxtg,,,,,
588ac8df,556d81ef,à partir de 2 nuits,65,chambre double,,À partir de
372b5d53,recBZmfIOETXxEgxz,familiale,150,nuit,,À partir de
3265610f,recBZmfIOETXxEgxz,triple,120,nuit,,À partir de
2e1af626,9aabf635,,150,nuit,,À partir de
31251c4d,recI73ToLfFvZM51p,par nuit,60,bungalow/nuit,,
,,,,,,
b70c3d43,c07c5e9a,A partir de 3 nuits minimum,35,nuit,,À partir de
8901dac5,9077f262,,180,week-end,,À partir de
7070cde7,92e84c52,A partir de 3 nuits minimum,35,nuit,,À partir de
517570aa,00c88cfc,,105,nuit,,À partir de
6a7ae152,18ad3951,pour 10 personnes,260,nuit,,À partir de
b8150a58,72b22ee7,/semaine pour 2 personnes,80,nuit,,À partir de
f91fcc5f,f9262f00,à partir de 5 nuits,200,nuit,,
a044db46,c3e9e4d5,à partir de 5 nuits,200,nuit,,À partir de
d1c2a38d,c3e9e4d5,à partir de 5 nuits,200,nuit,,
a65cdd31,a1a9fa58,demi-journée,60,pers.,,À partir de
5f58aedd,a1a9fa58,la journée,90,pers.,,À partir de
8bdb6832,697971cb,à partir de 2 nuits,90,semaine/nuit,,À partir de
fc13f18d,recE5pXjJa4NwgWXw,,10,,,À partir de
61e649e0,recS8eNGPOw7ATrRy,,17,,,À partir de
621e7ce0,2d14b80e,la journée,70,chambre double,,À partir de
c4404cf5,2d14b80e,,200,semaine/nuit,,À partir de
734dd4b7,2d14b80e,,250,week-end/nuit,,À partir de
ee7a4769,2d14b80e,à partir de 3 nuits,600,week-end,,À partir de
1c8b303f,697971cb,à partir de 2 nuits,110,week-end/nuit,,À partir de
8ce187f6,rec7uNHsQPt5wZPCY,plat du jour,12,repas,,À partir de
1e5a20cf,recR99OmSXnqpQRCv,Adulte,35,repas,,À partir de
afb0a6ea,recR99OmSXnqpQRCv,,17,repas/enfant,,À partir de
6258079a,7ffeea05,,20,repas,,
a4462d1b,73b25457,,55,chambre double avec petit déjeuner,,À partir de
23d59485,8d37b1bb,l'atelier,80,,,À partir de
de21cbfb,a80daa2c,,20,nuit/enfant,,À partir de
ad86cced,recvGLwzDSMSEwiXH,Repas,30,pers.,,À partir de
cd52d7aa,recvGLwzDSMSEwiXH,,60,chambre double/pers.,,À partir de
e7800fa1,recvGLwzDSMSEwiXH,,60,pers./dortoir,,À partir de
cf6a2ac5,recvGLwzDSMSEwiXH,,40,dortoir/enfant,,À partir de
d7c3c68a,reczhuWwdniGCsFk9,Repas,260,chambre double avec petit déjeuner,,À partir de
a3445588,9077f262,à partir de 2 nuits,90,nuit,,
428461a2,9077f262,,500,semaine,,
ba27a267,rec7A3PQcyu4JvIDU,,500,semaine,,À partir de
4fdebc91,rec7A3PQcyu4JvIDU,par nuit en demi-pension (repas + petit déjeuner),50,pers.,,À partir de
2f081e95,recC3g4FIKoa4HtNL,Repas,16,,,À partir de
f859acd7,recC3g4FIKoa4HtNL,par nuit en demi-pension (repas + petit déjeuner),35,pers.,,À partir de
78b16069,recN9vIKkkeiiy5xt,par nuit en demi-pension (repas + petit déjeuner),80,chambre double/pers.,,À partir de
f2a579c4,recN9vIKkkeiiy5xt,par nuit en demi-pension (repas + petit déjeuner),75,pers./dortoir,,À partir de
249617dc,recwULghI2J0HRSLs,par nuit en demi-pension (repas + petit déjeuner),30,enfant,,À partir de
b89aa3c3,recwULghI2J0HRSLs,par nuit en demi-pension (repas + petit déjeuner),55,pers.,,À partir de
01a5066f,recdcZS7keFGDATmz,par nuit en demi-pension (repas + petit déjeuner),,pers.,,
2b8dd70f,f782fb59,,65,nuit,,À partir de
505b5430,reczXMtCwsT2mUUG6,,78,nuit,,À partir de
9c6ae400,6f97e1cf,à partir de 2 nuits,155,week-end/nuit,,À partir de
9bca68c1,6f97e1cf,à partir de 2 nuits,130,semaine/nuit,,À partir de
74919708,5c24ed9e,,80,chambre double avec petit déjeuner,,À partir de
0723b9c7,5c24ed9e,Repas,35,,,À partir de
edf44da7,0cfea8b6,,10,article,,À partir de
420a93f2,0cfea8b6,l'atelier,30,,,À partir de
87b4701a,75f21fc4,,93,nuit,,À partir de
66422db3,56570bad,à partir de 2 nuits,135,semaine/nuit,,À partir de
8955c99b,75f21fc4,4 personnes,372,semaine,,À partir de
534673a2,5791a9b1,à partir de 3 nuits,160,semaine/nuit,,À partir de
c4e4a875,5791a9b1,à partir de 2 nuits,160,week-end/nuit,,À partir de
a136324d,6dcee182,A partir de 3 nuits minimum,120,semaine/nuit,,À partir de
9f25d36c,6dcee182,à partir de 2 nuits,120,week-end/nuit,,À partir de
6020f041,4fa4b5ab,/nuit pour 2 personnes,189,bungalow/nuit,,À partir de
9aa26e12,56570bad,à partir de 2 nuits,170,week-end/nuit,,À partir de
2b6460e5,c9a5acce,Planche dinatoire,26,,,
5dcc5b2a,5f50049f,,290,nuit,,À partir de
3d6badb3,60da4656,à partir de 2 nuits,350,semaine/nuit,,À partir de
4d689cdb,60da4656,,450,week-end,,À partir de
e37f497e,60da4656,,800,semaine,,À partir de
47aef8d6,693a5c26,,100,nuit,,À partir de
d2d9b14d,recX4sA6T4E9mpE4E,,25,,,À partir de
46a4742a,24ee83fd,à partir de 2 nuits,35,chambre double/nuit,,À partir de
23e4fe52,recYktplxCsh6Dsen,,10,,,
8765fba5,60da4656,à partir de 2 nuits,150,nuit,,À partir de
662cdaeb,recj6bxDm7H2Yd6mt,de 2 à 12 ans,15,enfant,,À partir de
dd5078bc,recj6bxDm7H2Yd6mt,,25,pers./dortoir,,À partir de
a896db14,recj6bxDm7H2Yd6mt,,55,chambre double,,À partir de
e51990aa,recj6bxDm7H2Yd6mt,petit-déjeuner,7,enfant,,À partir de
efbb4ab8,recj6bxDm7H2Yd6mt,petit-déjeuner,11,,,À partir de
8b9b8653,recXej1WibudDrBPL,petit-déjeuner,6,,,À partir de
3aa3c0ed,recXej1WibudDrBPL,,35,chambre simple,,À partir de
4a36aab7,recXej1WibudDrBPL,,48,chambre double,,À partir de
e259a18a,recXej1WibudDrBPL,triple,58,,,À partir de
c3b46cdd,recgJDh7FHNgbmoP6,à partir de 2 nuits,199,nuit,,À partir de
214c9f11,cc7deed2,4 personnes,85,nuit,,À partir de
57fddc57,12ccef71,,25,,,
265b5402,72938470,,12,article,,À partir de
307cf731,d89874c1,,100,chambre double avec petit déjeuner/nuit,,À partir de
ee9c49fb,d89874c1,,120,chambre double avec petit déjeuner/nuit,,À partir de
"4a9042fc,59341748,,""9,6"",article,,À partir de"
3b281154,recw7koVvxLQYlR3r,demi-journée,150,,,
b7c76ca3,recw7koVvxLQYlR3r,la journée,50,pers.,,À partir de
62951815,recw7koVvxLQYlR3r,la journée,190,,,
93c51c9c,17cb6388,Apéritif/Entrée/plat/dessert,25,enfant,,À partir de
12ec703d,17cb6388,Adulte,30,repas,,À partir de
9b5f0c47,recARu2fgp1wFlXOc,à partir de 2 nuits,80,week-end/nuit,,À partir de
b0df0bf5,recARu2fgp1wFlXOc,à partir de 2 nuits,60,semaine/nuit,,À partir de
5c256f26,fb779ec7,à partir de 2 nuits,120,nuit,,À partir de
b8f8d4a0,recdsWMTUwaltW3si,,400,semaine,,À partir de
ec204bdb,recdsWMTUwaltW3si,,200,week-end,,À partir de
f32e0f17,5685d96f,,2,enfant,,À partir de
c783a242,5685d96f,,3,pers.,,À partir de
45397c05,2a048de0,Le cours,10,,,À partir de
00ea6d56,rec2BTxBxGeeq2bmF,,450,semaine,,À partir de
8dac0989,4c3dc7d8,à partir de 2 nuits,330,week-end/nuit,,À partir de
a9af2d85,4c3dc7d8,à partir de 2 nuits,300,semaine/nuit,,À partir de
56a389b5,recnyxIXeYaASu1CK,A partir de 3 nuits minimum,70,nuit,,À partir de
94c91989,recfS3ibqtiRSEOVy,à partir de 2 nuits,139,nuit,,À partir de
aa1cc531,recOgVXEaxn2YOO2r,tapas,6,,,À partir de
0838af91,recOgVXEaxn2YOO2r,Repas,16,,,À partir de
7b80fa20,recpNmSG6g3karPvx,,300,semaine,,
b8bf69e1,recpNmSG6g3karPvx,,50,nuit,,
a58298bd,recpNmSG6g3karPvx,plus de 30 nuits,40,nuit,,
1581b8b6,cc970d55,,110,nuit,,À partir de
98593d3f,402cda71,,109,pers.,,À partir de
eeeee0a5,402cda71,,30,repas,,À partir de
86280c9b,29CCE76FFB,/semaine pour 2 personnes,490,,,À partir de
f48db09d,29CCE76FFB,/semaine pour 4 personnes,700,,,À partir de
e0764a5b,recbTjQjQZULrhTNx,/semaine pour 2 personnes,490,,,À partir de
702eae2a,recJQJSyzPhwSYxQq,/semaine pour 2 personnes,490,,,À partir de
4dc72e63,recJQJSyzPhwSYxQq,/semaine pour 4 personnes,700,,,À partir de
0a41b6ae,6e009b41,,69,produit,,À partir de
d6485370,reco2MfzJdwyiquYE,,680,semaine,,À partir de
aec3594b,reco2MfzJdwyiquYE,à partir de 2 nuits,320,,,À partir de
"afa645b3,recpQwmcO83qNQAtR,,""11,8"",article,,À partir de"
f9673136,fb45d590,à partir de 3 nuits,129,nuit,,À partir de
431ef55a,rec5vqdPwSdrFzsvs,Chambre standard,130,chambre double/nuit,,À partir de
c337ccb5,rec5vqdPwSdrFzsvs,Chambre supérieure (vue piscine),149,chambre double/nuit,,À partir de
a549b4d9,rec5vqdPwSdrFzsvs,Chambre supérieure (vue panoramique),169,chambre double/nuit,,À partir de
8a87b894,rec5vqdPwSdrFzsvs,Chambre supérieure triple (vue piscine),184,nuit/chambre familiale,,À partir de
bd0afb97,rec5vqdPwSdrFzsvs,Suite junior (3 adultes ou 2 adultes + 2 enfants),214,chambre familiale,,À partir de
0e52cc7b,rec5vqdPwSdrFzsvs,petit-déjeuner,20,pers.,,À partir de
4d6f68a1,rec5vqdPwSdrFzsvs,demi-pension,62,pers.,,À partir de
650f0cd4,rec5vqdPwSdrFzsvs,pension complète,98,pers.,,À partir de
66d5fe82,97c59f68,la prestation,45,,,À partir de
4f1af0d3,recEzS7wrcSBUBnRJ,chambre supérieure quadruple,200,nuit/chambre familiale,,À partir de
d10b7972,recd0bjcfRVLbyOCv,,125,chambre simple,,À partir de
2d4bd0a6,recIx0OIAAGnmOiIg,,82,chambre simple,,À partir de
1021d913,a846b219,par nuit,150,nuit,,
6c7f7d73,a846b219,à partir de 2 nuits,250,week-end,,
ecc4e30d,a846b219,à partir de 3 nuits,350,,,
b74184b8,recEzS7wrcSBUBnRJ,vue mer,150,chambre double/nuit,,À partir de
fca9ef83,recEzS7wrcSBUBnRJ,vue jardin,130,chambre double/nuit,,À partir de
2c703c3d,recEzS7wrcSBUBnRJ,triple,150,nuit,,À partir de
995d1960,recEzS7wrcSBUBnRJ,terrasse vue mer,130,chambre double/nuit,,À partir de
b589b08b,recEzS7wrcSBUBnRJ,supérieure (terrasse + vue mer),150,chambre double/nuit,,À partir de
2e43d18b,recEzS7wrcSBUBnRJ,supérieure (vue mer),200,chambre double/nuit,,À partir de
bda26baf,recEzS7wrcSBUBnRJ,petit-déjeuner,18,pers.,,À partir de
4b39d3b1,recjRyPmd9ypRv496,à partir de 2 nuits,30,chambre double/nuit,,À partir de
6aaf2f70,ae555722,à partir de 2 nuits,147,nuit,,À partir de
24ac07f2,499267bc,à partir de 2 nuits,260,nuit,,À partir de
d6e0430f,rec4rk007rXcVl3F2,,10,,,À partir de
f96d7e4a,0834e5dc,,2,produit,,À partir de
5a3b5e79,e46e5463,triple,75,nuit,,À partir de
55bf1b82,e46e5463,Repas,25,,,À partir de
cdf56dcd,1bfb8031,à partir de 2 nuits,140,nuit,,À partir de
"dd6f20d8,4ad9b1b1,,""1,2"",produit,,À partir de"
a60f5e58,recWzMtcGi7faKSct,à partir de 2 nuits,450,chambre double,,À partir de
58f3bca8,recr1yhoYV0cSykCz,,85,chambre double,,À partir de
00c8c2c2,recr1yhoYV0cSykCz,chambre supérieur/ nuit,110,,,À partir de
1b78c6db,recr1yhoYV0cSykCz,Repas,30,,,À partir de
598ad430,rec07c8tTqu6IivCN,Adulte,20,repas,,À partir de
d8696849,rec07c8tTqu6IivCN,,15,repas/enfant,,À partir de
8e3978f2,recHDhvcAecymLeQG,,5,article,,À partir de
"888cb89a,59D0EA4483,,""2,8"",article,,À partir de"
9b611500,7f8d33e6,,6,article,,À partir de
28c12440,f33f1d02,,3,article,,À partir de
8559a908,cf8b073c,Le massage de 1h30,80,,,À partir de
0bb8200c,cf8b073c,,30,pers.,,À partir de
d68108f4,rec1YVOft2oXH4wUP,,120,nuit,,À partir de
700e9aca,rec1YVOft2oXH4wUP,/nuit pour 2 personnes,80,chambre double avec petit déjeuner/nuit,,À partir de
ebd0760c,54cdc19e,,55,nuit,,À partir de
a4e25823,99434ac2,,20,article,,À partir de
"0d3297de,e4e5aa4a,,""4,5"",produit,,À partir de"
8b269ff5,be82b4f3,,88,chambre double/nuit,,À partir de
1d52c328,2613753f,,85,nuit,,À partir de
304e5dfc,7a7f6c8f,,2,produit,,À partir de
8a216afa,f3da8e1d,à partir de 2 nuits,74,studio/nuit,,À partir de
f751f2f8,4ca65b6f,,5,pers.,,À partir de
473d40ae,fd7b6efe,à partir de 2 nuits,80,nuit,,À partir de
eab1f216,f27d27f0,,66,nuit,,À partir de
36f901ec,6cdcafe1,Pour 6 personnes,200,nuit,,À partir de
c8d2034e,recyKZtzYYBBrdqJo,à partir de 2 nuits,40,chambre double/nuit,,À partir de
768c7bce,recyKZtzYYBBrdqJo,,240,semaine,,À partir de
ff6294d8,recLzqL611NhOe615,,15,,,À partir de
4400eccb,971c994a,plat du jour,20,repas,,À partir de
6a99bf27,cf8b073c,le massage de 1h,60,,,À partir de
90484684,3ee94f31,le massage de 1h,90,,,À partir de
f5183791,652efe0a,4 personnes minimum,12,pers.,,À partir de
2fff51fc,652efe0a,à partir de 10 personnes,10,pers.,,À partir de
d11c1c4a,652efe0a,,6,enfant,,À partir de
c1d2c6c2,aae3ae86,,5,article,,À partir de
fb1daa46,recWhWauzB077mMAC,,8,produit,,À partir de
1167fa59,1260ca37,le massage de 1h,60,,,À partir de
ce49730c,1260ca37,Le massage de 1h30,100,,,À partir de
97df3dbc,1260ca37,le massage de 1h,50,,,
5b9b97d4,9f12dd21,pour 8 personnes,250,nuit,,À partir de
228d7079,5d3c45ab,,100,chambre double avec petit déjeuner,,À partir de
e9067381,24c9ee39,à partir de 2 nuits,40,pers./nuit,,À partir de
41db6cd3,d20857f9,,85,bungalow/nuit,,À partir de
8e15c1d9,recIrveOBfvUjCWYH,,50,nuit,,À partir de
c5e1be15,recIrveOBfvUjCWYH,,350,semaine,,
4cc781da,129c8e42,par nuit,110,nuit,,À partir de
7392b231,0f306351,à partir de 2 nuits,200,nuit,,À partir de
fd1d56fb,a6ce3e91,à partir de 2 nuits,300,nuit,,À partir de
168fa500,8d1d1389,à partir de 3 nuits pour 6 personnes,170,nuit,,À partir de
2cf7ef9e,dd4fb432,,130,nuit,,
55425621,recf4PScUvfaDzZFG,,,,,
376c263b,recXYOu8iyDxwxsYj,à partir de 3 nuits,115,nuit,,À partir de
5b70bc78,recEzq2hgXZ6iiKZQ,,88,nuit,,
"bfd07b4b,rec74mTejOAzSsXH8,,""3,3"",produit,,À partir de"
75d59b79,07D151EF55,à partir de 4 nuits,55,nuit,,À partir de
2116b443,recSSTvKv6Jh4BYzZ,Visite guidée,5,enfant,,À partir de
fdd618a9,recSSTvKv6Jh4BYzZ,Visite guidée,10,,,À partir de
bbe4f93a,37c89345,,250,,,À partir de
8d1daef5,recJbOa03QazF8GUQ,,130,pers.,,À partir de
703fef43,107182fa,A partir de 3 nuits minimum,88,nuit,,À partir de
d189467c,recuP0b6rC8FOEl7B,à partir de 2 nuits,345,nuit,,À partir de
fd6c2397,403a832a,,24,produit,,À partir de
b8be479c,6d65a518,à partir de 2 nuits,115,nuit,,À partir de
2b44d3dc,8e65d113,,70,nuit,,À partir de
cba09842,6e9c7e26,,71,,,À partir de
bc574006,4b4e0f99,,100,,,À partir de
4137ae53,3fe4af77,,300,,,
0f583a48,1f6c6a99,à partir de 2 nuits,200,week-end/nuit,,À partir de
1b7ade2e,1f6c6a99,à partir de 7 nuits,500,semaine,,À partir de
c22a425b,76db9c31,,60,,,À partir de
816f62e9,recywlCVj6wd5yGdt,à partir de 7 nuits,980,semaine,,À partir de
8995ea75,d42800d8,l'atelier,200,,,À partir de
dcab6fc3,d958f421,,70,nuit,,À partir de
1f43eb03,receR6cctSrvDHGcR,A partir de 3 nuits minimum,80,semaine/nuit,,À partir de
8e5c499d,receR6cctSrvDHGcR,à partir de 2 nuits,91,week-end/nuit,,À partir de
e702a8e6,67551572,à partir de 2 nuits,69,nuit,,À partir de
427103d0,1f64e736,à partir de 2 nuits,111,nuit,,À partir de
d9f862da,f2be7df6,A partir de 3 nuits minimum,62,nuit,,À partir de
14526f12,7d6fcc62,à partir de 2 nuits,208,nuit,,À partir de
d00616a3,8f0bc955,,250,week-end/nuit,,À partir de
5d26948a,8f0bc955,,165,semaine/nuit,,À partir de
12f7fb18,3c5b87ac,,75,nuit,,À partir de
b64d9b5b,b5309448,demi-journée,30,,,À partir de
85aea40e,b5309448,la journée,40,,,À partir de
9ed5d359,2685f41f,,25,pers./nuit,,À partir de
"06ead6b1,recqF6nWXZHiTjT7J,,""0,4"",produit,,À partir de"
e4540fa4,d184f7a2,à partir de 2 nuits,250,nuit,,À partir de
45f67e6c,f5205cba,,10,article,,À partir de
77370353,e6d7c9a1,,50,produit,,À partir de
fe9af985,d184f7a2,à partir de 2 nuits,450,week-end/nuit,,À partir de
da4b0727,90d57727,la prestation,20,,,À partir de
5b926d2d,e79ea8ed,à partir de 3 nuits,140,nuit,,À partir de
e0a5c088,6ecbd497,à partir de 7 nuits,650,semaine,,À partir de
dd1b7966,6ecbd497,,15,pers.,,À partir de
998cc112,6ecbd497,4 personnes,140,nuit,,À partir de
26b5f7fb,6ecbd497,4 personnes,280,week-end,,À partir de
1c0a996f,a0fddb84,à partir de 2 nuits,270,nuit,,À partir de
26e73b92,8ca02e8c,à partir de 2 nuits,270,nuit,,À partir de
1f3fdb41,rec9VUy4xPzBe6RkX,,92,chambre double avec petit déjeuner/nuit,,À partir de
da3323ad,rec9VUy4xPzBe6RkX,petit-déjeuner,85,pers./nuit,,À partir de
9d171fa0,rec9VUy4xPzBe6RkX,,130,nuit/chambre familiale avec petit-déjeuner,,À partir de
c3489c9d,53d4d0fe,,60,pers.,,À partir de
c9eefa54,1c92c8fa,,7,,,À partir de
01a49a53,fe196259,Le café,2,,,À partir de
28396399,4543234a,basse saison,80,,,À partir de
93c05276,4543234a,haute saison,100,,,À partir de
f6a5ebd3,deb41a00,l'atelier,49,,,À partir de
"c56b1623,f5c25043,,""1,6"",produit,,À partir de"
8ac1138e,9cf70c46,/nuit pour 2 personnes,120,nuit,,À partir de
86cf36c6,ebed52c4,A partir de 3 nuits minimum,105,nuit,,À partir de
19494464,fbe4184b,,20,repas,,À partir de
4a2591db,f62afb0c,,60,nuit,,À partir de
1f795447,8a552b4a,,2,produit,,À partir de
c2c5a34e,86b3c972,,200,nuit,,À partir de
00f41ea8,9fc6e702,à partir de 2 nuits,100,nuit,,À partir de
70326fc7,9cf1c808,,60,pers.,,À partir de
8ef4ee05,d09b00bc,,145,nuit,,À partir de
43050843,6af31d20,,150,nuit,,À partir de
f2310269,237d3fcf,à partir de 2 nuits,290,,,À partir de
501be2da,rec1RPdKGg2xh4SQ3,,430,week-end,,À partir de
02fc73fd,rec1RPdKGg2xh4SQ3,,408,semaine,,À partir de
68b2dc85,rec5zED36Is1fQBbm,,143,,,À partir de
2249f844,c6d5eae0,,1,produit,,À partir de
df9ebfb1,0c52f4d6,à partir de 2 nuits,170,,,À partir de
d2d70a30,recnhduaXvdeVbMyx,,25,pers.,,À partir de
797e80fe,recIzyi9rbojMjaQa,,80,,,
1ab9e6a1,2a93f4f3,à partir de 4 nuits,95,nuit,,À partir de
"2cfb3247,de4e1be5,,""2,8"",produit,,À partir de"
b43cc2c6,828017bf,,169,pers.,,À partir de
6400b347,dea8c68c,,119,,,À partir de
b418602f,b2b00f8b,,119,,,À partir de
5a40e00b,9fea8c0e,,160,pers.,,
2bb3f864,9fea8c0e,,80,enfant,,
0f986356,88d1f2e1,,85,week,,
a04141b8,88d1f2e1,,75,semaine,,
8b6d259a,59c9b4b0,,85,week-end,,
639c9d49,59c9b4b0,,75,semaine,,
ba14ffb0,516604dd,la journée,136,,,
0f63b0f7,rechFFrgz5BbO2egc,,83,,,À partir de
62487ecb,f373d39c,,2,enfant,,
6b8c5c1f,f373d39c,Adulte,3,pers.,,
ea1167d7,c58d3d10,,184,nuit,,
7265d725,c58d3d10,à partir de 2 nuits,369,,,
bb256cad,0753592a,,80,nuit,,
aeb169fb,fda49707,,133,,,À partir de
"7c86cb6f,e2a3dddd,,""4,5"",produit,,"
"7b336914,e2a3dddd,,""3,5"",produit,,"
a62299b6,38bee07f,/nuit /personne à partir de 2 pax,35,pers.,,À partir de
15637e9c,9a8f7c6d,,14,repas,,À partir de
463fcfd2,5E9276CCD3,,10,pers.,,À partir de
5c70add2,50a9f771,jacuzzi,150,chambre double,,À partir de
4ed79c53,223f278c,,25,article,,À partir de
f65a299d,ad7f596b,à partir de 2 nuits,360,nuit,,À partir de
b219765f,ad7f596b,,800,week-end,,À partir de
54ad8bf0,ca865c08,,150,nuit,,À partir de
0fbccc72,a164d04c,par nuit,100,,,À partir de
19ddc302,a311fc46,à partir de 2 nuits,140,nuit,,À partir de
2d936c7e,fe3e77ff,par nuit,130,,,À partir de
2a0ef2cd,4c8bf0e8,/semaine pour 2 personnes,353,,,À partir de
acd37a16,4c8bf0e8,/semaine pour 2 personnes,339,,,À partir de
7809c341,91af577f,,40,,,À partir de
fc5754c7,recsIeI9EbAWzHyOB,,10,,,À partir de
8507c2e5,3a4f632f,,200,,,À partir de
dd99ec45,40de15c1,,60,nuit,,À partir de
cba654ef,c51a5142,,140,nuit,,À partir de
6a5894ed,989bb74a,,65,,,À partir de
3caa0103,b716cbe7,à partir de 2 nuits,385,,,À partir de
2e4129e7,50a9f771,Chambre standard,90,chambre double,,À partir de
640cfda9,50a9f771,petit-déjeuner,10,,,À partir de
83af35c8,6183ed99,,257,,,À partir de
3a876d5a,2411e9e5,le massage de 1h,100,,,À partir de
6c7fc705,2411e9e5,le massage de 30min,40,,,À partir de
e36cef78,2411e9e5,Le massage de 1h30,150,,,À partir de
66ecf971,022C4A9B1C,,20,,,À partir de
278ee025,099dc85a,,100,,,À partir de
eecb2066,b74cbb62,à partir de 2 nuits,300,,,À partir de
f47777b6,cdbfafea,,100,,,À partir de
7e0cf8ed,7c8e2c3e,à partir de 7 nuits,22,nuit,,À partir de
24ccf7a7,7f5f40e8,,70,nuit,,À partir de
"305dff3d,rec3mYOqM2ldm5hdI,Repas,""12,5"",repas/enfant,,À partir de"
efab1c1d,rec3mYOqM2ldm5hdI,Repas,27,repas,,À partir de
206bfa90,recVBxXzaBHzsZOaD,,275,semaine,,À partir de
7cba054c,e1affab8,,15,produit,,À partir de
d98b0375,18b25ce7,,85,nuit,,À partir de
fc728e5d,f8c147fe,à partir de 2 nuits,500,,,À partir de
57208d3e,recm1N1ZbnALAYkhe,,140,,,À partir de
9afb0fef,f6e247f4,à partir de 2 nuits,200,,,À partir de
2dd6aabe,31c1d557,à partir de 4 nuits,400,,,À partir de
13fd9076,352ab9ee,,400,,,À partir de
cc32da16,ad68cb5d,,120,,,À partir de
410d5d88,848d4886,le massage de 30min,40,,,À partir de
bdb94d36,848d4886,Le massage de 1h30,80,,,À partir de
9de7a478,004315a7,à partir de 2 nuits,400,,,À partir de
7c61a369,d7e43f3b,A partir de 3 nuits minimum,300,,,À partir de
8b4c11a5,b414150e,/nuit pour 2 personnes,95,nuit,,À partir de
6104cbce,39c50266,à partir de 2 nuits,400,,,À partir de
70a84eaa,b414150e,le week-end (vendredi au dimanche),330,,,À partir de
a2b17121,f8c147fe,à partir de 2 nuits,89,,,À partir de
a7eb9a24,49342f66,par nuit,80,,,À partir de
13ebf283,49342f66,semaine,520,,,À partir de
19864ceb,49342f66,par nuit,75,,,À partir de
a5a2b314,6acc7667,le week-end,650,,,À partir de
a8784ef2,17589b4c,,20,,,À partir de
f1251e86,17589b4c,,30,,,À partir de
b55fb86c,cb9b8ef9,,80,,,À partir de
a6fad8e0,2ebf141a,,120,nuit,,À partir de
0b0cb389,5e8190a3,à partir de 2 nuits,150,,,À partir de
62ef2daa,95b96890,,250,,,À partir de
a2b8d5ee,2fc0da0f,,35,,,À partir de
21bc13cd,8e6858f0,à partir de 2 nuits,200,,,À partir de
c2c9c16a,4b957857,à partir de 2 nuits,120,,,À partir de
8c9c8e10,989d5201,à partir de 2 nuits,120,nuit,,À partir de
aad1cf0d,4b957857,à partir de 2 nuits,150,,,À partir de
064290eb,989d5201,à partir de 2 nuits,150,,,À partir de
47cb58e9,6c5daf60,à partir de 2 nuits,97,,,À partir de
"a1418ac4,f5d77505,,""2,5"",pers.,,À partir de"
5a049cb5,2805db88,,150,,,À partir de
75cbbdee,b4120054,,70,nuit,,À partir de
91d28cb0,b08a3e5c,Le cours,14,,,À partir de
73f29c96,recUBqeeg4AJGfuv4,à partir de 2 nuits,300,,,À partir de
e2fe8399,59a43d23,en semaine,50,,,À partir de
6688f04d,59a43d23,le week-end,60,,,À partir de
"08118b39,recunAFuk5TAReriR,,""3,5"",article,,À partir de"
b0030fdf,5c9e21e5,,100,,,À partir de
63bb83ce,db789d9c,,20,pers.,,À partir de
e770bd09,558a72e5,,740,week-end,,À partir de
a527d703,13e51a81,le week-end (vendredi au dimanche),450,,,À partir de
15a086e7,a626b82d,,180,,,À partir de
52368891,d7d60ec0,à partir de 2 nuits,160,,,À partir de
2bf73f5b,bee1c73f,à partir de 2 nuits,160,,,À partir de
dbbd9b19,rec3tQoHttdUUoQed,,100,,,À partir de
